{"inputUnits":[66],"outputUnits":8,"inputs":{"0":{"dtype":"number","min":0.2072354257106781,"max":0.893528938293457},"1":{"dtype":"number","min":0.04624587297439575,"max":0.7725803852081299},"2":{"dtype":"number","min":0.21167077124118805,"max":0.911806583404541},"3":{"dtype":"number","min":0.024085283279418945,"max":0.7489396929740906},"4":{"dtype":"number","min":0.21716183423995972,"max":0.91945481300354},"5":{"dtype":"number","min":0.02467447519302368,"max":0.7458374500274658},"6":{"dtype":"number","min":0.22129297256469727,"max":0.9270459413528442},"7":{"dtype":"number","min":0.024735093116760254,"max":0.7427669763565063},"8":{"dtype":"number","min":0.1976282298564911,"max":0.8937537670135498},"9":{"dtype":"number","min":0.022617220878601074,"max":0.7560911178588867},"10":{"dtype":"number","min":0.19443243741989136,"max":0.8889162540435791},"11":{"dtype":"number","min":0.022352993488311768,"max":0.7571208477020264},"12":{"dtype":"number","min":0.1916898787021637,"max":0.8843801021575928},"13":{"dtype":"number","min":0.02211374044418335,"max":0.7578696012496948},"14":{"dtype":"number","min":0.22896809875965118,"max":0.9359740018844604},"15":{"dtype":"number","min":0.036253929138183594,"max":0.7399441599845886},"16":{"dtype":"number","min":0.1896650791168213,"max":0.8785922527313232},"17":{"dtype":"number","min":0.03684234619140625,"max":0.7582270503044128},"18":{"dtype":"number","min":0.22202087938785553,"max":0.9010478258132935},"19":{"dtype":"number","min":0.07539394497871399,"max":0.778700053691864},"20":{"dtype":"number","min":0.20669177174568176,"max":0.8743436336517334},"21":{"dtype":"number","min":0.07091230154037476,"max":0.7850679159164429},"22":{"dtype":"number","min":0.28675639629364014,"max":0.9182621836662292},"23":{"dtype":"number","min":0.17271918058395386,"max":0.8011704683303833},"24":{"dtype":"number","min":0.17141051590442657,"max":0.7969342470169067},"25":{"dtype":"number","min":0.182592511177063,"max":0.8217202425003052},"26":{"dtype":"number","min":0.3043571412563324,"max":0.9475816488265991},"27":{"dtype":"number","min":0.24719607830047607,"max":0.9646182060241699},"28":{"dtype":"number","min":0.14030396938323975,"max":0.6895830035209656},"29":{"dtype":"number","min":0.24443194270133972,"max":0.9697450995445251},"30":{"dtype":"number","min":0.1892232596874237,"max":0.851762592792511},"31":{"dtype":"number","min":0.20277470350265503,"max":0.8957644701004028},"32":{"dtype":"number","min":0.0020567476749420166,"max":0.8015964031219482},"33":{"dtype":"number","min":0.24092695116996765,"max":0.9010183811187744},"34":{"dtype":"number","min":0.1264788657426834,"max":0.8441789746284485},"35":{"dtype":"number","min":0.16448375582695007,"max":0.8860071897506714},"36":{"dtype":"number","min":-0.03085210919380188,"max":0.8245558142662048},"37":{"dtype":"number","min":0.2067839503288269,"max":0.8935483694076538},"38":{"dtype":"number","min":0.12563034892082214,"max":0.8582553267478943},"39":{"dtype":"number","min":0.143313467502594,"max":0.8668943047523499},"40":{"dtype":"number","min":-0.03248688578605652,"max":0.8362146615982056},"41":{"dtype":"number","min":0.18967470526695251,"max":0.8743488788604736},"42":{"dtype":"number","min":0.1415042132139206,"max":0.8516951203346252},"43":{"dtype":"number","min":0.16117769479751587,"max":0.8717633485794067},"44":{"dtype":"number","min":-0.02037036418914795,"max":0.8294926881790161},"45":{"dtype":"number","min":0.20360857248306274,"max":0.8757595419883728},"46":{"dtype":"number","min":0.27538684010505676,"max":0.8182324767112732},"47":{"dtype":"number","min":0.5528141856193542,"max":1.0479122400283813},"48":{"dtype":"number","min":0.18601466715335846,"max":0.7366108894348145},"49":{"dtype":"number","min":0.47004592418670654,"max":1.0571173429489136},"50":{"dtype":"number","min":0.2546762228012085,"max":0.8173273205757141},"51":{"dtype":"number","min":0.7868779897689819,"max":1.228633165359497},"52":{"dtype":"number","min":0.14624038338661194,"max":0.7289257645606995},"53":{"dtype":"number","min":0.5226211547851562,"max":1.2450462579727173},"54":{"dtype":"number","min":0.25787070393562317,"max":0.8362773060798645},"55":{"dtype":"number","min":0.9750837087631226,"max":1.4081915616989136},"56":{"dtype":"number","min":0.08790728449821472,"max":0.7373946309089661},"57":{"dtype":"number","min":0.6035387516021729,"max":1.434112310409546},"58":{"dtype":"number","min":0.2628816068172455,"max":0.8386148810386658},"59":{"dtype":"number","min":0.9930972456932068,"max":1.431337833404541},"60":{"dtype":"number","min":0.07486557960510254,"max":0.7537868618965149},"61":{"dtype":"number","min":0.6277967691421509,"max":1.4639289379119873},"62":{"dtype":"number","min":0.22745762765407562,"max":0.8212050199508667},"63":{"dtype":"number","min":1.0389889478683472,"max":1.4757522344589233},"64":{"dtype":"number","min":0.01973012089729309,"max":0.748628556728363},"65":{"dtype":"number","min":0.5992534160614014,"max":1.488904356956482}},"outputs":{"label":{"dtype":"string","min":0,"max":1,"uniqueValues":["5|","5mp|","5mk|","5lp|","6|","236hp|","5hp|","1|"],"legend":{"5|":[1,0,0,0,0,0,0,0],"5mp|":[0,1,0,0,0,0,0,0],"5mk|":[0,0,1,0,0,0,0,0],"5lp|":[0,0,0,1,0,0,0,0],"6|":[0,0,0,0,1,0,0,0],"236hp|":[0,0,0,0,0,1,0,0],"5hp|":[0,0,0,0,0,0,1,0],"1|":[0,0,0,0,0,0,0,1]}}},"isNormalized":true}