{"inputUnits":[66],"outputUnits":8,"inputs":{"0":{"dtype":"number","min":0.2072354257106781,"max":0.7627180218696594},"1":{"dtype":"number","min":0.29874908924102783,"max":0.7725803852081299},"2":{"dtype":"number","min":0.21167077124118805,"max":0.7705602645874023},"3":{"dtype":"number","min":0.2718046307563782,"max":0.7489396929740906},"4":{"dtype":"number","min":0.21716183423995972,"max":0.7771701812744141},"5":{"dtype":"number","min":0.2728109359741211,"max":0.7458374500274658},"6":{"dtype":"number","min":0.22129297256469727,"max":0.783277690410614},"7":{"dtype":"number","min":0.27363133430480957,"max":0.7427669763565063},"8":{"dtype":"number","min":0.1976282298564911,"max":0.7536132335662842},"9":{"dtype":"number","min":0.2706088423728943,"max":0.7560911178588867},"10":{"dtype":"number","min":0.19443243741989136,"max":0.7492877840995789},"11":{"dtype":"number","min":0.2709730267524719,"max":0.7571208477020264},"12":{"dtype":"number","min":0.1916898787021637,"max":0.7455798983573914},"13":{"dtype":"number","min":0.27174222469329834,"max":0.7578696012496948},"14":{"dtype":"number","min":0.22896809875965118,"max":0.7965452671051025},"15":{"dtype":"number","min":0.28633761405944824,"max":0.7399441599845886},"16":{"dtype":"number","min":0.1896650791168213,"max":0.7423295378684998},"17":{"dtype":"number","min":0.28523313999176025,"max":0.7582270503044128},"18":{"dtype":"number","min":0.22202087938785553,"max":0.779475748538971},"19":{"dtype":"number","min":0.32402390241622925,"max":0.778700053691864},"20":{"dtype":"number","min":0.20669177174568176,"max":0.7583807706832886},"21":{"dtype":"number","min":0.32081690430641174,"max":0.7850679159164429},"22":{"dtype":"number","min":0.28675639629364014,"max":0.8603686094284058},"23":{"dtype":"number","min":0.4111434519290924,"max":0.8011704683303833},"24":{"dtype":"number","min":0.17141051590442657,"max":0.7159217596054077},"25":{"dtype":"number","min":0.42074188590049744,"max":0.8217202425003052},"26":{"dtype":"number","min":0.3043571412563324,"max":0.8837976455688477},"27":{"dtype":"number","min":0.465155690908432,"max":0.9646182060241699},"28":{"dtype":"number","min":0.14030396938323975,"max":0.6798242330551147},"29":{"dtype":"number","min":0.45388221740722656,"max":0.9697450995445251},"30":{"dtype":"number","min":0.1892232596874237,"max":0.8050033450126648},"31":{"dtype":"number","min":0.4275551438331604,"max":0.8957644701004028},"32":{"dtype":"number","min":0.0020567476749420166,"max":0.7315394878387451},"33":{"dtype":"number","min":0.44328367710113525,"max":0.9010183811187744},"34":{"dtype":"number","min":0.1264788657426834,"max":0.7840928435325623},"35":{"dtype":"number","min":0.3965355455875397,"max":0.8860071897506714},"36":{"dtype":"number","min":-0.03085210919380188,"max":0.7402645349502563},"37":{"dtype":"number","min":0.4133521020412445,"max":0.8935483694076538},"38":{"dtype":"number","min":0.12563034892082214,"max":0.7805330753326416},"39":{"dtype":"number","min":0.3817060887813568,"max":0.8668943047523499},"40":{"dtype":"number","min":-0.03248688578605652,"max":0.7454493045806885},"41":{"dtype":"number","min":0.39569371938705444,"max":0.8743488788604736},"42":{"dtype":"number","min":0.1415042132139206,"max":0.7846553325653076},"43":{"dtype":"number","min":0.3908776342868805,"max":0.8717633485794067},"44":{"dtype":"number","min":-0.02037036418914795,"max":0.7459614872932434},"45":{"dtype":"number","min":0.4124705195426941,"max":0.8757595419883728},"46":{"dtype":"number","min":0.27538684010505676,"max":0.7985584735870361},"47":{"dtype":"number","min":0.7464824318885803,"max":1.0479122400283813},"48":{"dtype":"number","min":0.18601466715335846,"max":0.7197424173355103},"49":{"dtype":"number","min":0.6979528069496155,"max":1.0571173429489136},"50":{"dtype":"number","min":0.2546762228012085,"max":0.8144872188568115},"51":{"dtype":"number","min":0.930637538433075,"max":1.228633165359497},"52":{"dtype":"number","min":0.14624038338661194,"max":0.7146218419075012},"53":{"dtype":"number","min":0.7293999195098877,"max":1.2450462579727173},"54":{"dtype":"number","min":0.25787070393562317,"max":0.8177223801612854},"55":{"dtype":"number","min":0.9915378093719482,"max":1.4081915616989136},"56":{"dtype":"number","min":0.08790728449821472,"max":0.7373946309089661},"57":{"dtype":"number","min":0.8494468927383423,"max":1.434112310409546},"58":{"dtype":"number","min":0.2628816068172455,"max":0.8231083750724792},"59":{"dtype":"number","min":0.9959288835525513,"max":1.431337833404541},"60":{"dtype":"number","min":0.07562366127967834,"max":0.7402678728103638},"61":{"dtype":"number","min":0.8802105188369751,"max":1.4639289379119873},"62":{"dtype":"number","min":0.22745762765407562,"max":0.8212050199508667},"63":{"dtype":"number","min":1.0389889478683472,"max":1.4757522344589233},"64":{"dtype":"number","min":0.01973012089729309,"max":0.748628556728363},"65":{"dtype":"number","min":0.8321925401687622,"max":1.488904356956482}},"outputs":{"label":{"dtype":"string","min":0,"max":1,"uniqueValues":["1|","236hp|","5|","6|","5hp|","5lp|","5mp|","5mk|"],"legend":{"1|":[1,0,0,0,0,0,0,0],"236hp|":[0,1,0,0,0,0,0,0],"5|":[0,0,1,0,0,0,0,0],"6|":[0,0,0,1,0,0,0,0],"5hp|":[0,0,0,0,1,0,0,0],"5lp|":[0,0,0,0,0,1,0,0],"5mp|":[0,0,0,0,0,0,1,0],"5mk|":[0,0,0,0,0,0,0,1]}}},"isNormalized":true}